locationId,productId,EPC,rssi,minrssi,maxssi,count,queue,rxpower,session,starttimestamp,endtimestamp,expectedLocation
L0,0,-68.6457040685343,-91,-30,1,4,30,0,2023-06-15 15:12:18.005476,2023-06-15 15:12:21.118021,True
L0,0,-68.6457040685343,-91,-30,1,4,30,0,2023-06-15 15:12:18.005476,2023-06-15 15:12:21.121155,True
L0,0,-68.6457040685343,-91,-30,1,4,30,0,2023-06-15 15:12:18.005476,2023-06-15 15:12:21.124494,True
L0,0,-68.6457040685343,-91,-30,1,4,30,0,2023-06-15 15:12:18.005476,2023-06-15 15:12:21.133855,True
L0,0,-68.6457040685343,-91,-30,1,4,30,0,2023-06-15 15:12:18.005476,2023-06-15 15:12:21.137284,True
L0,0,-68.6457040685343,-91,-30,1,4,30,0,2023-06-15 15:12:18.005476,2023-06-15 15:12:21.140503,True
L0,0,-68.6457040685343,-91,-30,1,4,30,0,2023-06-15 15:12:18.005476,2023-06-15 15:12:21.154423,True
L0,0,-68.6457040685343,-91,-30,1,4,30,0,2023-06-15 15:12:18.005476,2023-06-15 15:12:21.158691,True
L0,0,-68.6457040685343,-91,-30,1,4,30,0,2023-06-15 15:12:18.005476,2023-06-15 15:12:21.162125,True
L0,0,-68.6457040685343,-91,-30,1,4,30,0,2023-06-15 15:12:18.005476,2023-06-15 15:12:21.174307,True
L0,0,-68.6457040685343,-91,-30,1,4,30,0,2023-06-15 15:12:18.005476,2023-06-15 15:12:21.178204,True
L0,0,-68.6457040685343,-91,-30,1,4,30,0,2023-06-15 15:12:18.005476,2023-06-15 15:12:21.181486,True
L0,0,-68.6457040685343,-91,-30,1,4,30,0,2023-06-15 15:12:18.005476,2023-06-15 15:12:21.194392,True
L0,0,-68.6457040685343,-91,-30,1,4,30,0,2023-06-15 15:12:18.005476,2023-06-15 15:12:21.197509,True
L0,0,-68.6457040685343,-91,-30,1,4,30,0,2023-06-15 15:12:18.005476,2023-06-15 15:12:21.200728,True
L0,0,-68.6457040685343,-91,-30,1,4,30,0,2023-06-15 15:12:18.005476,2023-06-15 15:12:21.214285,True
L0,0,-68.6457040685343,-91,-30,1,4,30,0,2023-06-15 15:12:18.005476,2023-06-15 15:12:21.218092,True
L0,0,-68.6457040685343,-91,-30,1,4,30,0,2023-06-15 15:12:18.005476,2023-06-15 15:12:21.222029,True
L0,0,-68.6457040685343,-91,-30,1,4,30,0,2023-06-15 15:12:18.005476,2023-06-15 15:12:21.234370,True
L0,0,-68.6457040685343,-91,-30,1,4,30,0,2023-06-15 15:12:18.005476,2023-06-15 15:12:21.238347,True
L0,0,-68.6457040685343,-91,-30,1,4,30,0,2023-06-15 15:12:18.005476,2023-06-15 15:12:21.241898,True
L0,0,-68.6457040685343,-91,-30,1,4,30,0,2023-06-15 15:12:18.005476,2023-06-15 15:12:21.254204,True
L0,0,-68.6457040685343,-91,-30,1,4,30,0,2023-06-15 15:12:18.005476,2023-06-15 15:12:21.257443,True
L0,0,-68.6457040685343,-91,-30,1,4,30,0,2023-06-15 15:12:18.005476,2023-06-15 15:12:21.260722,True
L0,0,-68.6457040685343,-91,-30,1,4,30,0,2023-06-15 15:12:18.005476,2023-06-15 15:12:21.274412,True
L0,0,-68.6457040685343,-91,-30,1,4,30,0,2023-06-15 15:12:18.005476,2023-06-15 15:12:21.278237,True
L0,0,-68.6457040685343,-91,-30,1,4,30,0,2023-06-15 15:12:18.005476,2023-06-15 15:12:21.281532,True
L0,0,-68.6457040685343,-91,-30,1,4,30,0,2023-06-15 15:12:18.005476,2023-06-15 15:12:21.294800,True
L0,0,-68.6457040685343,-91,-30,1,4,30,0,2023-06-15 15:12:18.005476,2023-06-15 15:12:21.299023,True
L0,0,-66.23766000133931,-91,-30,1,4,30,0,2023-06-15 15:12:18.005476,2023-06-15 15:12:21.305362,True
L0,0,-66.23766000133931,-91,-30,1,4,30,0,2023-06-15 15:12:18.005476,2023-06-15 15:12:21.314038,True
L0,0,-66.23766000133931,-91,-30,1,4,30,0,2023-06-15 15:12:18.005476,2023-06-15 15:12:21.317508,True
L0,0,-66.23766000133931,-91,-30,1,4,30,0,2023-06-15 15:12:18.005476,2023-06-15 15:12:21.320691,True
L0,0,-66.23766000133931,-91,-30,1,4,30,0,2023-06-15 15:12:18.005476,2023-06-15 15:12:21.334437,True
L0,0,-66.23766000133931,-91,-30,1,4,30,0,2023-06-15 15:12:18.005476,2023-06-15 15:12:21.338689,True
L0,0,-66.23766000133931,-91,-30,1,4,30,0,2023-06-15 15:12:18.005476,2023-06-15 15:12:21.342089,True
L0,0,-66.23766000133931,-91,-30,1,4,30,0,2023-06-15 15:12:18.005476,2023-06-15 15:12:21.354067,True
L0,0,-66.23766000133931,-91,-30,1,4,30,0,2023-06-15 15:12:18.005476,2023-06-15 15:12:21.357291,True
L0,0,-66.23766000133931,-91,-30,1,4,30,0,2023-06-15 15:12:18.005476,2023-06-15 15:12:21.360652,True
L0,0,-66.23766000133931,-91,-30,1,4,30,0,2023-06-15 15:12:18.005476,2023-06-15 15:12:21.374219,True
L0,0,-66.23766000133931,-91,-30,1,4,30,0,2023-06-15 15:12:18.005476,2023-06-15 15:12:21.377537,True
L0,0,-66.23766000133931,-91,-30,1,4,30,0,2023-06-15 15:12:18.005476,2023-06-15 15:12:21.381115,True
L0,0,-66.23766000133931,-91,-30,1,4,30,0,2023-06-15 15:12:18.005476,2023-06-15 15:12:21.394399,True
L0,0,-66.23766000133931,-91,-30,1,4,30,0,2023-06-15 15:12:18.005476,2023-06-15 15:12:21.397516,True
L0,0,-66.23766000133931,-91,-30,1,4,30,0,2023-06-15 15:12:18.005476,2023-06-15 15:12:21.400744,True
L0,0,-66.23766000133931,-91,-30,1,4,30,0,2023-06-15 15:12:18.005476,2023-06-15 15:12:21.414217,True
L0,0,-66.23766000133931,-91,-30,1,4,30,0,2023-06-15 15:12:18.005476,2023-06-15 15:12:21.418162,True
L0,0,-66.23766000133931,-91,-30,1,4,30,0,2023-06-15 15:12:18.005476,2023-06-15 15:12:21.421290,True
L0,0,-66.23766000133931,-91,-30,1,4,30,0,2023-06-15 15:12:18.005476,2023-06-15 15:12:21.434028,True
L0,0,-66.23766000133931,-91,-30,1,4,30,0,2023-06-15 15:12:18.005476,2023-06-15 15:12:21.437482,True
L0,0,-66.23766000133931,-91,-30,1,4,30,0,2023-06-15 15:12:18.005476,2023-06-15 15:12:21.440626,True
L0,0,-66.23766000133931,-91,-30,1,4,30,0,2023-06-15 15:12:18.005476,2023-06-15 15:12:21.454214,True
L0,0,-66.23766000133931,-91,-30,1,4,30,0,2023-06-15 15:12:18.005476,2023-06-15 15:12:21.458218,True
L0,0,-66.23766000133931,-91,-30,1,4,30,0,2023-06-15 15:12:18.005476,2023-06-15 15:12:21.461938,True
L0,0,-66.23766000133931,-91,-30,1,4,30,0,2023-06-15 15:12:18.005476,2023-06-15 15:12:21.474798,True
L0,0,-66.23766000133931,-91,-30,1,4,30,0,2023-06-15 15:12:18.005476,2023-06-15 15:12:21.479025,True
L0,0,-66.23766000133931,-91,-30,1,4,30,0,2023-06-15 15:12:18.005476,2023-06-15 15:12:21.482453,True
L0,0,-65.9955559098598,-91,-30,1,4,30,0,2023-06-15 15:12:18.005476,2023-06-15 15:12:21.498162,True
L0,0,-65.9955559098598,-91,-30,1,4,30,0,2023-06-15 15:12:18.005476,2023-06-15 15:12:21.501587,True
L0,0,-65.9955559098598,-91,-30,1,4,30,0,2023-06-15 15:12:18.005476,2023-06-15 15:12:21.504855,True
L0,0,-65.9955559098598,-91,-30,1,4,30,0,2023-06-15 15:12:18.005476,2023-06-15 15:12:21.514589,True
L0,0,-65.9955559098598,-91,-30,1,4,30,0,2023-06-15 15:12:18.005476,2023-06-15 15:12:21.518367,True
L0,0,-65.9955559098598,-91,-30,1,4,30,0,2023-06-15 15:12:18.005476,2023-06-15 15:12:21.521584,True
L0,0,-65.9955559098598,-91,-30,1,4,30,0,2023-06-15 15:12:18.005476,2023-06-15 15:12:21.534580,True
L0,0,-65.9955559098598,-91,-30,1,4,30,0,2023-06-15 15:12:18.005476,2023-06-15 15:12:21.538886,True
L0,0,-65.9955559098598,-91,-30,1,4,30,0,2023-06-15 15:12:18.005476,2023-06-15 15:12:21.542512,True
L0,0,-65.9955559098598,-91,-30,1,4,30,0,2023-06-15 15:12:18.005476,2023-06-15 15:12:21.554505,True
L0,0,-65.9955559098598,-91,-30,1,4,30,0,2023-06-15 15:12:18.005476,2023-06-15 15:12:21.558627,True
L0,0,-65.9955559098598,-91,-30,1,4,30,0,2023-06-15 15:12:18.005476,2023-06-15 15:12:21.562061,True
L0,0,-65.9955559098598,-91,-30,1,4,30,0,2023-06-15 15:12:18.005476,2023-06-15 15:12:21.574390,True
L0,0,-65.9955559098598,-91,-30,1,4,30,0,2023-06-15 15:12:18.005476,2023-06-15 15:12:21.578175,True
L0,0,-65.9955559098598,-91,-30,1,4,30,0,2023-06-15 15:12:18.005476,2023-06-15 15:12:21.581384,True
L0,0,-65.9955559098598,-91,-30,1,4,30,0,2023-06-15 15:12:18.005476,2023-06-15 15:12:21.594472,True
L0,0,-65.9955559098598,-91,-30,1,4,30,0,2023-06-15 15:12:18.005476,2023-06-15 15:12:21.598766,True
L0,0,-65.9955559098598,-91,-30,1,4,30,0,2023-06-15 15:12:18.005476,2023-06-15 15:12:21.602130,True
L0,0,-65.9955559098598,-91,-30,1,4,30,0,2023-06-15 15:12:18.005476,2023-06-15 15:12:21.614422,True
L0,0,-65.9955559098598,-91,-30,1,4,30,0,2023-06-15 15:12:18.005476,2023-06-15 15:12:21.618537,True
L0,0,-65.9955559098598,-91,-30,1,4,30,0,2023-06-15 15:12:18.005476,2023-06-15 15:12:21.621904,True
L0,0,-65.9955559098598,-91,-30,1,4,30,0,2023-06-15 15:12:18.005476,2023-06-15 15:12:21.634649,True
L0,0,-65.9955559098598,-91,-30,1,4,30,0,2023-06-15 15:12:18.005476,2023-06-15 15:12:21.639070,True
L0,0,-65.9955559098598,-91,-30,1,4,30,0,2023-06-15 15:12:18.005476,2023-06-15 15:12:21.642466,True
L0,0,-65.9955559098598,-91,-30,1,4,30,0,2023-06-15 15:12:18.005476,2023-06-15 15:12:21.654516,True
L0,0,-65.9955559098598,-91,-30,1,4,30,0,2023-06-15 15:12:18.005476,2023-06-15 15:12:21.658655,True
L0,0,-65.9955559098598,-91,-30,1,4,30,0,2023-06-15 15:12:18.005476,2023-06-15 15:12:21.662031,True
L0,0,-65.9955559098598,-91,-30,1,4,30,0,2023-06-15 15:12:18.005476,2023-06-15 15:12:21.674394,True
L0,0,-65.9955559098598,-91,-30,1,4,30,0,2023-06-15 15:12:18.005476,2023-06-15 15:12:21.678875,True
L0,0,-68.21971817642043,-91,-30,1,4,30,0,2023-06-15 15:12:18.005476,2023-06-15 15:12:21.684955,True
L0,0,-68.21971817642043,-91,-30,1,4,30,0,2023-06-15 15:12:18.005476,2023-06-15 15:12:21.694545,True
L0,0,-68.21971817642043,-91,-30,1,4,30,0,2023-06-15 15:12:18.005476,2023-06-15 15:12:21.698240,True
L0,0,-68.21971817642043,-91,-30,1,4,30,0,2023-06-15 15:12:18.005476,2023-06-15 15:12:21.701548,True
L0,0,-68.21971817642043,-91,-30,1,4,30,0,2023-06-15 15:12:18.005476,2023-06-15 15:12:21.714518,True
L0,0,-68.21971817642043,-91,-30,1,4,30,0,2023-06-15 15:12:18.005476,2023-06-15 15:12:21.718646,True
L0,0,-68.21971817642043,-91,-30,1,4,30,0,2023-06-15 15:12:18.005476,2023-06-15 15:12:21.722153,True
L0,0,-68.21971817642043,-91,-30,1,4,30,0,2023-06-15 15:12:18.005476,2023-06-15 15:12:21.734200,True
L0,0,-68.21971817642043,-91,-30,1,4,30,0,2023-06-15 15:12:18.005476,2023-06-15 15:12:21.737366,True
L0,0,-68.21971817642043,-91,-30,1,4,30,0,2023-06-15 15:12:18.005476,2023-06-15 15:12:21.740619,True
L0,0,-68.21971817642043,-91,-30,1,4,30,0,2023-06-15 15:12:18.005476,2023-06-15 15:12:21.754013,True
L0,0,-68.21971817642043,-91,-30,1,4,30,0,2023-06-15 15:12:18.005476,2023-06-15 15:12:21.758312,True
L0,0,-68.21971817642043,-91,-30,1,4,30,0,2023-06-15 15:12:18.005476,2023-06-15 15:12:21.761688,True
L0,0,-68.21971817642043,-91,-30,1,4,30,0,2023-06-15 15:12:18.005476,2023-06-15 15:12:21.774529,True
L0,0,-68.21971817642043,-91,-30,1,4,30,0,2023-06-15 15:12:18.005476,2023-06-15 15:12:21.778361,True
L0,0,-68.21971817642043,-91,-30,1,4,30,0,2023-06-15 15:12:18.005476,2023-06-15 15:12:21.781713,True
L0,0,-68.21971817642043,-91,-30,1,4,30,0,2023-06-15 15:12:18.005476,2023-06-15 15:12:21.794340,True
L0,0,-68.21971817642043,-91,-30,1,4,30,0,2023-06-15 15:12:18.005476,2023-06-15 15:12:21.797688,True
L0,0,-68.21971817642043,-91,-30,1,4,30,0,2023-06-15 15:12:18.005476,2023-06-15 15:12:21.800885,True
L0,0,-68.21971817642043,-91,-30,1,4,30,0,2023-06-15 15:12:18.005476,2023-06-15 15:12:21.814530,True
L0,0,-68.21971817642043,-91,-30,1,4,30,0,2023-06-15 15:12:18.005476,2023-06-15 15:12:21.818492,True
L0,0,-68.21971817642043,-91,-30,1,4,30,0,2023-06-15 15:12:18.005476,2023-06-15 15:12:21.821845,True
L0,0,-68.21971817642043,-91,-30,1,4,30,0,2023-06-15 15:12:18.005476,2023-06-15 15:12:21.834167,True
L0,0,-68.21971817642043,-91,-30,1,4,30,0,2023-06-15 15:12:18.005476,2023-06-15 15:12:21.838234,True
L0,0,-68.21971817642043,-91,-30,1,4,30,0,2023-06-15 15:12:18.005476,2023-06-15 15:12:21.841773,True
L0,0,-68.21971817642043,-91,-30,1,4,30,0,2023-06-15 15:12:18.005476,2023-06-15 15:12:21.854253,True
L0,0,-68.21971817642043,-91,-30,1,4,30,0,2023-06-15 15:12:18.005476,2023-06-15 15:12:21.857486,True
L0,0,-68.21971817642043,-91,-30,1,4,30,0,2023-06-15 15:12:18.005476,2023-06-15 15:12:21.860742,True
L0,0,-69.31305281421673,-91,-30,1,4,30,0,2023-06-15 15:12:18.005476,2023-06-15 15:12:23.536757,True
L0,0,-69.31305281421673,-91,-30,1,4,30,0,2023-06-15 15:12:18.005476,2023-06-15 15:12:23.539812,True
L0,0,-69.31305281421673,-91,-30,1,4,30,0,2023-06-15 15:12:18.005476,2023-06-15 15:12:23.543055,True
L0,0,-69.31305281421673,-91,-30,1,4,30,0,2023-06-15 15:12:18.005476,2023-06-15 15:12:23.554337,True
L0,0,-69.31305281421673,-91,-30,1,4,30,0,2023-06-15 15:12:18.005476,2023-06-15 15:12:23.558709,True
L0,0,-69.31305281421673,-91,-30,1,4,30,0,2023-06-15 15:12:18.005476,2023-06-15 15:12:23.562305,True
L0,0,-69.31305281421673,-91,-30,1,4,30,0,2023-06-15 15:12:18.005476,2023-06-15 15:12:23.574521,True
L0,0,-69.31305281421673,-91,-30,1,4,30,0,2023-06-15 15:12:18.005476,2023-06-15 15:12:23.579026,True
L0,0,-69.31305281421673,-91,-30,1,4,30,0,2023-06-15 15:12:18.005476,2023-06-15 15:12:23.582475,True
L0,0,-69.31305281421673,-91,-30,1,4,30,0,2023-06-15 15:12:18.005476,2023-06-15 15:12:23.594452,True
L0,0,-69.31305281421673,-91,-30,1,4,30,0,2023-06-15 15:12:18.005476,2023-06-15 15:12:23.598827,True
L0,0,-69.31305281421673,-91,-30,1,4,30,0,2023-06-15 15:12:18.005476,2023-06-15 15:12:23.602362,True
L0,0,-69.31305281421673,-91,-30,1,4,30,0,2023-06-15 15:12:18.005476,2023-06-15 15:12:23.614135,True
L0,0,-69.31305281421673,-91,-30,1,4,30,0,2023-06-15 15:12:18.005476,2023-06-15 15:12:23.617884,True
L0,0,-69.31305281421673,-91,-30,1,4,30,0,2023-06-15 15:12:18.005476,2023-06-15 15:12:23.621530,True
L0,0,-69.31305281421673,-91,-30,1,4,30,0,2023-06-15 15:12:18.005476,2023-06-15 15:12:23.634504,True
L0,0,-69.31305281421673,-91,-30,1,4,30,0,2023-06-15 15:12:18.005476,2023-06-15 15:12:23.638695,True
L0,0,-69.31305281421673,-91,-30,1,4,30,0,2023-06-15 15:12:18.005476,2023-06-15 15:12:23.642310,True
L0,0,-69.31305281421673,-91,-30,1,4,30,0,2023-06-15 15:12:18.005476,2023-06-15 15:12:23.654684,True
L0,0,-69.31305281421673,-91,-30,1,4,30,0,2023-06-15 15:12:18.005476,2023-06-15 15:12:23.658838,True
L0,0,-69.31305281421673,-91,-30,1,4,30,0,2023-06-15 15:12:18.005476,2023-06-15 15:12:23.662385,True
L0,0,-69.31305281421673,-91,-30,1,4,30,0,2023-06-15 15:12:18.005476,2023-06-15 15:12:23.674362,True
L0,0,-69.31305281421673,-91,-30,1,4,30,0,2023-06-15 15:12:18.005476,2023-06-15 15:12:23.678706,True
L0,0,-69.31305281421673,-91,-30,1,4,30,0,2023-06-15 15:12:18.005476,2023-06-15 15:12:23.682151,True
L0,0,-69.31305281421673,-91,-30,1,4,30,0,2023-06-15 15:12:18.005476,2023-06-15 15:12:23.694811,True
L0,0,-69.31305281421673,-91,-30,1,4,30,0,2023-06-15 15:12:18.005476,2023-06-15 15:12:23.699014,True
L0,0,-69.31305281421673,-91,-30,1,4,30,0,2023-06-15 15:12:18.005476,2023-06-15 15:12:23.702562,True
L0,0,-69.31305281421673,-91,-30,1,4,30,0,2023-06-15 15:12:18.005476,2023-06-15 15:12:23.714535,True
L0,0,-69.31305281421673,-91,-30,1,4,30,0,2023-06-15 15:12:18.005476,2023-06-15 15:12:23.718636,True
L0,0,-69.31305281421673,-91,-30,1,4,30,0,2023-06-15 15:12:18.005476,2023-06-15 15:12:23.722425,True
L0,0,-69.31305281421673,-91,-30,1,4,30,0,2023-06-15 15:12:18.005476,2023-06-15 15:12:23.734385,True
L0,0,-69.31305281421673,-91,-30,1,4,30,0,2023-06-15 15:12:18.005476,2023-06-15 15:12:23.738488,True
L0,0,-69.42751920429814,-91,-30,1,4,30,0,2023-06-15 15:12:18.005476,2023-06-15 15:12:23.744543,True
L0,0,-69.42751920429814,-91,-30,1,4,30,0,2023-06-15 15:12:18.005476,2023-06-15 15:12:23.754014,True
L0,0,-69.42751920429814,-91,-30,1,4,30,0,2023-06-15 15:12:18.005476,2023-06-15 15:12:23.757821,True
L0,0,-69.42751920429814,-91,-30,1,4,30,0,2023-06-15 15:12:18.005476,2023-06-15 15:12:23.761114,True
L0,0,-69.42751920429814,-91,-30,1,4,30,0,2023-06-15 15:12:18.005476,2023-06-15 15:12:23.774266,True
L0,0,-69.42751920429814,-91,-30,1,4,30,0,2023-06-15 15:12:18.005476,2023-06-15 15:12:23.778235,True
L0,0,-69.42751920429814,-91,-30,1,4,30,0,2023-06-15 15:12:18.005476,2023-06-15 15:12:23.781824,True
L0,0,-69.42751920429814,-91,-30,1,4,30,0,2023-06-15 15:12:18.005476,2023-06-15 15:12:23.793680,True
L0,0,-69.42751920429814,-91,-30,1,4,30,0,2023-06-15 15:12:18.005476,2023-06-15 15:12:23.797069,True
L0,0,-69.42751920429814,-91,-30,1,4,30,0,2023-06-15 15:12:18.005476,2023-06-15 15:12:23.800400,True
L0,0,-69.42751920429814,-91,-30,1,4,30,0,2023-06-15 15:12:18.005476,2023-06-15 15:12:23.814377,True
L0,0,-69.42751920429814,-91,-30,1,4,30,0,2023-06-15 15:12:18.005476,2023-06-15 15:12:23.817748,True
L0,0,-69.42751920429814,-91,-30,1,4,30,0,2023-06-15 15:12:18.005476,2023-06-15 15:12:23.821049,True
L0,0,-69.42751920429814,-91,-30,1,4,30,0,2023-06-15 15:12:18.005476,2023-06-15 15:12:23.833840,True
L0,0,-69.42751920429814,-91,-30,1,4,30,0,2023-06-15 15:12:18.005476,2023-06-15 15:12:23.837217,True
L0,0,-69.42751920429814,-91,-30,1,4,30,0,2023-06-15 15:12:18.005476,2023-06-15 15:12:23.840390,True
L0,0,-69.42751920429814,-91,-30,1,4,30,0,2023-06-15 15:12:18.005476,2023-06-15 15:12:23.854611,True
L0,0,-69.42751920429814,-91,-30,1,4,30,0,2023-06-15 15:12:18.005476,2023-06-15 15:12:23.858618,True
L0,0,-69.42751920429814,-91,-30,1,4,30,0,2023-06-15 15:12:18.005476,2023-06-15 15:12:23.861874,True
L0,0,-69.42751920429814,-91,-30,1,4,30,0,2023-06-15 15:12:18.005476,2023-06-15 15:12:23.874723,True
L0,0,-69.42751920429814,-91,-30,1,4,30,0,2023-06-15 15:12:18.005476,2023-06-15 15:12:23.879067,True
L0,0,-69.42751920429814,-91,-30,1,4,30,0,2023-06-15 15:12:18.005476,2023-06-15 15:12:23.882804,True
L0,0,-69.42751920429814,-91,-30,1,4,30,0,2023-06-15 15:12:18.005476,2023-06-15 15:12:23.894859,True
L0,0,-69.42751920429814,-91,-30,1,4,30,0,2023-06-15 15:12:18.005476,2023-06-15 15:12:23.899089,True
L0,0,-69.42751920429814,-91,-30,1,4,30,0,2023-06-15 15:12:18.005476,2023-06-15 15:12:23.902574,True
L0,0,-69.42751920429814,-91,-30,1,4,30,0,2023-06-15 15:12:18.005476,2023-06-15 15:12:23.913785,True
L1,0,-69.83581186705791,-91,-30,1,4,30,0,2023-06-15 15:12:18.005476,2023-06-15 15:12:24.661562,True
L1,0,-69.83581186705791,-91,-30,1,4,30,0,2023-06-15 15:12:18.005476,2023-06-15 15:12:24.664823,True
L1,0,-69.83581186705791,-91,-30,1,4,30,0,2023-06-15 15:12:18.005476,2023-06-15 15:12:24.673662,True
L1,0,-69.83581186705791,-91,-30,1,4,30,0,2023-06-15 15:12:18.005476,2023-06-15 15:12:24.677105,True
L1,0,-69.83581186705791,-91,-30,1,4,30,0,2023-06-15 15:12:18.005476,2023-06-15 15:12:24.680512,True
L1,0,-69.83581186705791,-91,-30,1,4,30,0,2023-06-15 15:12:18.005476,2023-06-15 15:12:24.694072,True
L1,0,-69.83581186705791,-91,-30,1,4,30,0,2023-06-15 15:12:18.005476,2023-06-15 15:12:24.697537,True
L1,0,-69.83581186705791,-91,-30,1,4,30,0,2023-06-15 15:12:18.005476,2023-06-15 15:12:24.700751,True
L1,0,-69.83581186705791,-91,-30,1,4,30,0,2023-06-15 15:12:18.005476,2023-06-15 15:12:24.714674,True
L1,0,-69.83581186705791,-91,-30,1,4,30,0,2023-06-15 15:12:18.005476,2023-06-15 15:12:24.718866,True
L1,0,-69.83581186705791,-91,-30,1,4,30,0,2023-06-15 15:12:18.005476,2023-06-15 15:12:24.722380,True
L1,0,-69.83581186705791,-91,-30,1,4,30,0,2023-06-15 15:12:18.005476,2023-06-15 15:12:24.734025,True
L1,0,-69.83581186705791,-91,-30,1,4,30,0,2023-06-15 15:12:18.005476,2023-06-15 15:12:24.737866,True
L1,0,-69.83581186705791,-91,-30,1,4,30,0,2023-06-15 15:12:18.005476,2023-06-15 15:12:24.741156,True
L1,0,-69.83581186705791,-91,-30,1,4,30,0,2023-06-15 15:12:18.005476,2023-06-15 15:12:24.754098,True
L1,0,-69.83581186705791,-91,-30,1,4,30,0,2023-06-15 15:12:18.005476,2023-06-15 15:12:24.757786,True
L1,0,-69.83581186705791,-91,-30,1,4,30,0,2023-06-15 15:12:18.005476,2023-06-15 15:12:24.761201,True
L1,0,-69.83581186705791,-91,-30,1,4,30,0,2023-06-15 15:12:18.005476,2023-06-15 15:12:24.774053,True
L1,0,-69.83581186705791,-91,-30,1,4,30,0,2023-06-15 15:12:18.005476,2023-06-15 15:12:24.777520,True
L1,0,-69.83581186705791,-91,-30,1,4,30,0,2023-06-15 15:12:18.005476,2023-06-15 15:12:24.780839,True
L1,0,-69.83581186705791,-91,-30,1,4,30,0,2023-06-15 15:12:18.005476,2023-06-15 15:12:24.794459,True
L1,0,-69.83581186705791,-91,-30,1,4,30,0,2023-06-15 15:12:18.005476,2023-06-15 15:12:24.798631,True
L1,0,-69.83581186705791,-91,-30,1,4,30,0,2023-06-15 15:12:18.005476,2023-06-15 15:12:24.802059,True
L1,0,-69.83581186705791,-91,-30,1,4,30,0,2023-06-15 15:12:18.005476,2023-06-15 15:12:24.814828,True
L1,0,-69.83581186705791,-91,-30,1,4,30,0,2023-06-15 15:12:18.005476,2023-06-15 15:12:24.818931,True
L1,0,-69.83581186705791,-91,-30,1,4,30,0,2023-06-15 15:12:18.005476,2023-06-15 15:12:24.822799,True
L1,0,-69.83581186705791,-91,-30,1,4,30,0,2023-06-15 15:12:18.005476,2023-06-15 15:12:24.834673,True
L1,0,-69.83581186705791,-91,-30,1,4,30,0,2023-06-15 15:12:18.005476,2023-06-15 15:12:24.838858,True
L1,0,-69.83581186705791,-91,-30,1,4,30,0,2023-06-15 15:12:18.005476,2023-06-15 15:12:24.842525,True
L1,0,-69.83581186705791,-91,-30,1,4,30,0,2023-06-15 15:12:18.005476,2023-06-15 15:12:24.854362,True
L1,0,-69.83581186705791,-91,-30,1,4,30,0,2023-06-15 15:12:18.005476,2023-06-15 15:12:24.858287,True
L1,0,-69.83581186705791,-91,-30,1,4,30,0,2023-06-15 15:12:18.005476,2023-06-15 15:12:24.861684,True
L1,0,-69.83581186705791,-91,-30,1,4,30,0,2023-06-15 15:12:18.005476,2023-06-15 15:12:24.874717,True
L1,0,-69.83581186705791,-91,-30,1,4,30,0,2023-06-15 15:12:18.005476,2023-06-15 15:12:24.878956,True
L1,0,-69.83581186705791,-91,-30,1,4,30,0,2023-06-15 15:12:18.005476,2023-06-15 15:12:24.882725,True
L1,0,-67.36316807904109,-91,-30,1,4,30,0,2023-06-15 15:12:18.005476,2023-06-15 15:12:25.003653,True
L1,0,-67.36316807904109,-91,-30,1,4,30,0,2023-06-15 15:12:18.005476,2023-06-15 15:12:25.014082,True
L1,0,-67.36316807904109,-91,-30,1,4,30,0,2023-06-15 15:12:18.005476,2023-06-15 15:12:25.018090,True
L1,0,-67.36316807904109,-91,-30,1,4,30,0,2023-06-15 15:12:18.005476,2023-06-15 15:12:25.021519,True
L1,0,-67.36316807904109,-91,-30,1,4,30,0,2023-06-15 15:12:18.005476,2023-06-15 15:12:25.033634,True
L1,0,-67.36316807904109,-91,-30,1,4,30,0,2023-06-15 15:12:18.005476,2023-06-15 15:12:25.037215,True
L1,0,-67.36316807904109,-91,-30,1,4,30,0,2023-06-15 15:12:18.005476,2023-06-15 15:12:25.040565,True
L1,0,-67.36316807904109,-91,-30,1,4,30,0,2023-06-15 15:12:18.005476,2023-06-15 15:12:25.053668,True
L1,0,-67.36316807904109,-91,-30,1,4,30,0,2023-06-15 15:12:18.005476,2023-06-15 15:12:25.056914,True
L1,0,-67.36316807904109,-91,-30,1,4,30,0,2023-06-15 15:12:18.005476,2023-06-15 15:12:25.060168,True
L1,0,-67.36316807904109,-91,-30,1,4,30,0,2023-06-15 15:12:18.005476,2023-06-15 15:12:25.074714,True
L1,0,-67.36316807904109,-91,-30,1,4,30,0,2023-06-15 15:12:18.005476,2023-06-15 15:12:25.078915,True
L1,0,-67.36316807904109,-91,-30,1,4,30,0,2023-06-15 15:12:18.005476,2023-06-15 15:12:25.082643,True
L1,0,-67.36316807904109,-91,-30,1,4,30,0,2023-06-15 15:12:18.005476,2023-06-15 15:12:25.094274,True
L1,0,-67.36316807904109,-91,-30,1,4,30,0,2023-06-15 15:12:18.005476,2023-06-15 15:12:25.098545,True
L1,0,-67.36316807904109,-91,-30,1,4,30,0,2023-06-15 15:12:18.005476,2023-06-15 15:12:25.102000,True
L1,0,-67.36316807904109,-91,-30,1,4,30,0,2023-06-15 15:12:18.005476,2023-06-15 15:12:25.114287,True
L1,0,-67.36316807904109,-91,-30,1,4,30,0,2023-06-15 15:12:18.005476,2023-06-15 15:12:25.118457,True
L1,0,-67.36316807904109,-91,-30,1,4,30,0,2023-06-15 15:12:18.005476,2023-06-15 15:12:25.122179,True
L1,0,-67.36316807904109,-91,-30,1,4,30,0,2023-06-15 15:12:18.005476,2023-06-15 15:12:25.134645,True
L1,0,-67.36316807904109,-91,-30,1,4,30,0,2023-06-15 15:12:18.005476,2023-06-15 15:12:25.138850,True
L1,0,-67.36316807904109,-91,-30,1,4,30,0,2023-06-15 15:12:18.005476,2023-06-15 15:12:25.142367,True
L1,0,-67.36316807904109,-91,-30,1,4,30,0,2023-06-15 15:12:18.005476,2023-06-15 15:12:25.154425,True
L1,0,-67.36316807904109,-91,-30,1,4,30,0,2023-06-15 15:12:18.005476,2023-06-15 15:12:25.158786,True
L1,0,-67.36316807904109,-91,-30,1,4,30,0,2023-06-15 15:12:18.005476,2023-06-15 15:12:25.162351,True
L1,0,-67.36316807904109,-91,-30,1,4,30,0,2023-06-15 15:12:18.005476,2023-06-15 15:12:25.174154,True
L1,0,-67.36316807904109,-91,-30,1,4,30,0,2023-06-15 15:12:18.005476,2023-06-15 15:12:25.178441,True
L1,0,-67.36316807904109,-91,-30,1,4,30,0,2023-06-15 15:12:18.005476,2023-06-15 15:12:25.181960,True
L1,0,-63.679147387937526,-91,-30,1,4,30,0,2023-06-15 15:12:18.005476,2023-06-15 15:12:25.196697,True
L1,0,-63.679147387937526,-91,-30,1,4,30,0,2023-06-15 15:12:18.005476,2023-06-15 15:12:25.199894,True
L1,0,-63.679147387937526,-91,-30,1,4,30,0,2023-06-15 15:12:18.005476,2023-06-15 15:12:25.203128,True
L1,0,-63.679147387937526,-91,-30,1,4,30,0,2023-06-15 15:12:18.005476,2023-06-15 15:12:25.213831,True
L1,0,-63.679147387937526,-91,-30,1,4,30,0,2023-06-15 15:12:18.005476,2023-06-15 15:12:25.217285,True
L1,0,-63.679147387937526,-91,-30,1,4,30,0,2023-06-15 15:12:18.005476,2023-06-15 15:12:25.220593,True
L1,0,-63.679147387937526,-91,-30,1,4,30,0,2023-06-15 15:12:18.005476,2023-06-15 15:12:25.234617,True
L1,0,-63.679147387937526,-91,-30,1,4,30,0,2023-06-15 15:12:18.005476,2023-06-15 15:12:25.238753,True
L1,0,-63.679147387937526,-91,-30,1,4,30,0,2023-06-15 15:12:18.005476,2023-06-15 15:12:25.242584,True
L1,0,-63.679147387937526,-91,-30,1,4,30,0,2023-06-15 15:12:18.005476,2023-06-15 15:12:25.254428,True
L1,0,-63.679147387937526,-91,-30,1,4,30,0,2023-06-15 15:12:18.005476,2023-06-15 15:12:25.258708,True
L1,0,-63.679147387937526,-91,-30,1,4,30,0,2023-06-15 15:12:18.005476,2023-06-15 15:12:25.262292,True
L1,0,-63.679147387937526,-91,-30,1,4,30,0,2023-06-15 15:12:18.005476,2023-06-15 15:12:25.274221,True
L1,0,-63.679147387937526,-91,-30,1,4,30,0,2023-06-15 15:12:18.005476,2023-06-15 15:12:25.278265,True
L1,0,-63.679147387937526,-91,-30,1,4,30,0,2023-06-15 15:12:18.005476,2023-06-15 15:12:25.282030,True
L1,0,-63.679147387937526,-91,-30,1,4,30,0,2023-06-15 15:12:18.005476,2023-06-15 15:12:25.294866,True
L1,0,-63.679147387937526,-91,-30,1,4,30,0,2023-06-15 15:12:18.005476,2023-06-15 15:12:25.299387,True
L1,0,-63.679147387937526,-91,-30,1,4,30,0,2023-06-15 15:12:18.005476,2023-06-15 15:12:25.302853,True
L1,0,-63.679147387937526,-91,-30,1,4,30,0,2023-06-15 15:12:18.005476,2023-06-15 15:12:25.314423,True
L1,0,-63.679147387937526,-91,-30,1,4,30,0,2023-06-15 15:12:18.005476,2023-06-15 15:12:25.318738,True
L1,0,-63.679147387937526,-91,-30,1,4,30,0,2023-06-15 15:12:18.005476,2023-06-15 15:12:25.322302,True
L1,0,-63.679147387937526,-91,-30,1,4,30,0,2023-06-15 15:12:18.005476,2023-06-15 15:12:25.334218,True
L1,0,-63.679147387937526,-91,-30,1,4,30,0,2023-06-15 15:12:18.005476,2023-06-15 15:12:25.337863,True
L1,0,-63.679147387937526,-91,-30,1,4,30,0,2023-06-15 15:12:18.005476,2023-06-15 15:12:25.341084,True
L1,0,-63.679147387937526,-91,-30,1,4,30,0,2023-06-15 15:12:18.005476,2023-06-15 15:12:25.353945,True
L1,0,-63.679147387937526,-91,-30,1,4,30,0,2023-06-15 15:12:18.005476,2023-06-15 15:12:25.357825,True
L1,0,-63.679147387937526,-91,-30,1,4,30,0,2023-06-15 15:12:18.005476,2023-06-15 15:12:25.361193,True
L1,0,-63.679147387937526,-91,-30,1,4,30,0,2023-06-15 15:12:18.005476,2023-06-15 15:12:25.374832,True
L1,0,-63.23252100171687,-91,-30,1,4,30,0,2023-06-15 15:12:18.005476,2023-06-15 15:12:25.381904,True
L1,0,-63.23252100171687,-91,-30,1,4,30,0,2023-06-15 15:12:18.005476,2023-06-15 15:12:25.384901,True
L1,0,-63.23252100171687,-91,-30,1,4,30,0,2023-06-15 15:12:18.005476,2023-06-15 15:12:25.393700,True
L1,0,-63.23252100171687,-91,-30,1,4,30,0,2023-06-15 15:12:18.005476,2023-06-15 15:12:25.397113,True
L1,0,-63.23252100171687,-91,-30,1,4,30,0,2023-06-15 15:12:18.005476,2023-06-15 15:12:25.400386,True
L1,0,-63.23252100171687,-91,-30,1,4,30,0,2023-06-15 15:12:18.005476,2023-06-15 15:12:25.414254,True
L1,0,-63.23252100171687,-91,-30,1,4,30,0,2023-06-15 15:12:18.005476,2023-06-15 15:12:25.418040,True
L1,0,-63.23252100171687,-91,-30,1,4,30,0,2023-06-15 15:12:18.005476,2023-06-15 15:12:25.421193,True
L1,0,-63.23252100171687,-91,-30,1,4,30,0,2023-06-15 15:12:18.005476,2023-06-15 15:12:25.434237,True
L1,0,-63.23252100171687,-91,-30,1,4,30,0,2023-06-15 15:12:18.005476,2023-06-15 15:12:25.438238,True
L1,0,-63.23252100171687,-91,-30,1,4,30,0,2023-06-15 15:12:18.005476,2023-06-15 15:12:25.441509,True
L1,0,-63.23252100171687,-91,-30,1,4,30,0,2023-06-15 15:12:18.005476,2023-06-15 15:12:25.454527,True
L1,0,-63.23252100171687,-91,-30,1,4,30,0,2023-06-15 15:12:18.005476,2023-06-15 15:12:25.458776,True
L1,0,-63.23252100171687,-91,-30,1,4,30,0,2023-06-15 15:12:18.005476,2023-06-15 15:12:25.462446,True
L1,0,-63.23252100171687,-91,-30,1,4,30,0,2023-06-15 15:12:18.005476,2023-06-15 15:12:25.473784,True
L1,0,-63.23252100171687,-91,-30,1,4,30,0,2023-06-15 15:12:18.005476,2023-06-15 15:12:25.477275,True
L1,0,-63.23252100171687,-91,-30,1,4,30,0,2023-06-15 15:12:18.005476,2023-06-15 15:12:25.480619,True
L1,0,-63.23252100171687,-91,-30,1,4,30,0,2023-06-15 15:12:18.005476,2023-06-15 15:12:25.493798,True
L1,0,-63.23252100171687,-91,-30,1,4,30,0,2023-06-15 15:12:18.005476,2023-06-15 15:12:25.497278,True
L1,0,-63.23252100171687,-91,-30,1,4,30,0,2023-06-15 15:12:18.005476,2023-06-15 15:12:25.500696,True
L1,0,-63.23252100171687,-91,-30,1,4,30,0,2023-06-15 15:12:18.005476,2023-06-15 15:12:25.514648,True
L1,0,-63.23252100171687,-91,-30,1,4,30,0,2023-06-15 15:12:18.005476,2023-06-15 15:12:25.518626,True
L1,0,-63.23252100171687,-91,-30,1,4,30,0,2023-06-15 15:12:18.005476,2023-06-15 15:12:25.521989,True
L1,0,-63.23252100171687,-91,-30,1,4,30,0,2023-06-15 15:12:18.005476,2023-06-15 15:12:25.534494,True
L1,0,-63.23252100171687,-91,-30,1,4,30,0,2023-06-15 15:12:18.005476,2023-06-15 15:12:25.538749,True
L1,0,-63.23252100171687,-91,-30,1,4,30,0,2023-06-15 15:12:18.005476,2023-06-15 15:12:25.542444,True
L1,0,-63.23252100171687,-91,-30,1,4,30,0,2023-06-15 15:12:18.005476,2023-06-15 15:12:25.554445,True
L1,0,-63.23252100171687,-91,-30,1,4,30,0,2023-06-15 15:12:18.005476,2023-06-15 15:12:25.558124,True
L1,0,-63.23252100171687,-91,-30,1,4,30,0,2023-06-15 15:12:18.005476,2023-06-15 15:12:25.561475,True
L1,0,-63.23252100171687,-91,-30,1,4,30,0,2023-06-15 15:12:18.005476,2023-06-15 15:12:25.574320,True
L1,0,-63.23252100171687,-91,-30,1,4,30,0,2023-06-15 15:12:18.005476,2023-06-15 15:12:25.578234,True
L1,0,-63.23252100171687,-91,-30,1,4,30,0,2023-06-15 15:12:18.005476,2023-06-15 15:12:25.581623,True
L1,0,-66.78062904974345,-91,-30,1,4,30,0,2023-06-15 15:12:18.005476,2023-06-15 15:12:25.598152,True
L1,0,-66.78062904974345,-91,-30,1,4,30,0,2023-06-15 15:12:18.005476,2023-06-15 15:12:25.601531,True
L1,0,-66.78062904974345,-91,-30,1,4,30,0,2023-06-15 15:12:18.005476,2023-06-15 15:12:25.604900,True
L1,0,-66.78062904974345,-91,-30,1,4,30,0,2023-06-15 15:12:18.005476,2023-06-15 15:12:25.613845,True
L1,0,-66.78062904974345,-91,-30,1,4,30,0,2023-06-15 15:12:18.005476,2023-06-15 15:12:25.617543,True
L1,0,-66.78062904974345,-91,-30,1,4,30,0,2023-06-15 15:12:18.005476,2023-06-15 15:12:25.620740,True
L1,0,-66.78062904974345,-91,-30,1,4,30,0,2023-06-15 15:12:18.005476,2023-06-15 15:12:25.634750,True
L1,0,-66.78062904974345,-91,-30,1,4,30,0,2023-06-15 15:12:18.005476,2023-06-15 15:12:25.638989,True
L1,0,-66.78062904974345,-91,-30,1,4,30,0,2023-06-15 15:12:18.005476,2023-06-15 15:12:25.642360,True
L1,0,-66.78062904974345,-91,-30,1,4,30,0,2023-06-15 15:12:18.005476,2023-06-15 15:12:25.654525,True
L1,0,-66.78062904974345,-91,-30,1,4,30,0,2023-06-15 15:12:18.005476,2023-06-15 15:12:25.658830,True
L1,0,-66.78062904974345,-91,-30,1,4,30,0,2023-06-15 15:12:18.005476,2023-06-15 15:12:25.662621,True
L1,0,-66.78062904974345,-91,-30,1,4,30,0,2023-06-15 15:12:18.005476,2023-06-15 15:12:25.674760,True
L1,0,-66.78062904974345,-91,-30,1,4,30,0,2023-06-15 15:12:18.005476,2023-06-15 15:12:25.678749,True
L1,0,-66.78062904974345,-91,-30,1,4,30,0,2023-06-15 15:12:18.005476,2023-06-15 15:12:25.682012,True
L1,0,-66.78062904974345,-91,-30,1,4,30,0,2023-06-15 15:12:18.005476,2023-06-15 15:12:25.694771,True
L1,0,-66.78062904974345,-91,-30,1,4,30,0,2023-06-15 15:12:18.005476,2023-06-15 15:12:25.699162,True
L1,0,-66.78062904974345,-91,-30,1,4,30,0,2023-06-15 15:12:18.005476,2023-06-15 15:12:25.702656,True
L1,0,-66.78062904974345,-91,-30,1,4,30,0,2023-06-15 15:12:18.005476,2023-06-15 15:12:25.714279,True
L1,0,-66.78062904974345,-91,-30,1,4,30,0,2023-06-15 15:12:18.005476,2023-06-15 15:12:25.718359,True
L1,0,-66.78062904974345,-91,-30,1,4,30,0,2023-06-15 15:12:18.005476,2023-06-15 15:12:25.721688,True
L1,0,-66.78062904974345,-91,-30,1,4,30,0,2023-06-15 15:12:18.005476,2023-06-15 15:12:25.734359,True
L1,0,-66.78062904974345,-91,-30,1,4,30,0,2023-06-15 15:12:18.005476,2023-06-15 15:12:25.738183,True
L1,0,-66.78062904974345,-91,-30,1,4,30,0,2023-06-15 15:12:18.005476,2023-06-15 15:12:25.741525,True
